Link,Title,Location,Salary,Summary
https://kr.indeed.com/viewjob?jk=,,서울,,Render the MSA-based architectural goals in a short term and long term for distributed environments along... company...
https://kr.indeed.com/viewjob?jk=,,서울,,"channel strategies and programs both short term & long term focus aligned to company business direction, objective..."
https://kr.indeed.com/viewjob?jk=,,서울,,short and long term profitability... her manager. Builds long and short term brand portfolio growth plans to achieve...
https://kr.indeed.com/viewjob?jk=,3.8,대한민국,,"them. ü Develop, build & maintain strong and long term relationship with digital customers ü Close communication to deliver..."
https://kr.indeed.com/viewjob?jk=,3.0,서울 용산구,,"customer relationship in order to ensure the long term profitability... defined number of accounts. Develop, lead..."
https://kr.indeed.com/viewjob?jk=,,부산,,"spouse & dependent life insurance, long- term disability, retirement, and 401(k... life insurance, long- term disability..."
https://kr.indeed.com/viewjob?jk=,4.1,대한민국,,"humans and animals... family owned company, we focus on long term performance. We are powered by 50,000 employees globally..."
https://kr.indeed.com/viewjob?jk=,,성남 분당구,,post into SAP B1 Review customer credit limit and payment term review Stock issue posting for non-sales order related 3...
https://kr.indeed.com/viewjob?jk=,,서울,,"JOB ID: 22032616 Contract & Job type: Full Time, Limited Term Contact information for application-related questions: recruit..."
https://kr.indeed.com/viewjob?jk=,,서울,,"two-year fixed- term employment contract with full benefits. Following successful completion... employment term, employees..."
https://kr.indeed.com/viewjob?jk=,4.2,서울,,"promote long- term, mutually-beneficial... point of view and creates deep and long- term connections between Microsoft account..."
https://kr.indeed.com/viewjob?jk=,,서울,,"CAN), ISO26262. Job Type: Permanent Project duration: Long- term. Job Location: Seoul Job Type: Full-time Salary: 40,000원..."
https://kr.indeed.com/viewjob?jk=,,인천,,"temporary or fixed- term positions, within... commission of any... acts. The term “sexual exploitation” means any actual..."
https://kr.indeed.com/viewjob?jk=,3.8,서울,,"Forecasting long- term resource using... data; Development of annual and long term solar energy assessments, using various..."
https://kr.indeed.com/viewjob?jk=,4.2,대한민국,,developing internal MAF capabilities required for long- term success in precision medicine Own the budget for assigned medical...
https://kr.indeed.com/viewjob?jk=,,서울,,Create a long term Market Access... Identify and act upon short- and mid- term business opportunities at a functional...
https://kr.indeed.com/viewjob?jk=,,서울,,One day orientation followed by first week training Mid- term and final review to gauge your progress vs. your objectives...
https://kr.indeed.com/viewjob?jk=,,서울,,PLV orders with HQ. Others A&P budget management Support long- term training roadmap working with HQ and external training...
https://kr.indeed.com/viewjob?jk=,4.3,서울,,audiences. Responsibilities Build and cultivate long- term executive relationships with global/regional customer decision...
https://kr.indeed.com/viewjob?jk=,,서울,,product launch timings and promotional activities... short- term horizon • Work with cross-functional teams on theme...
https://kr.indeed.com/viewjob?jk=,,서울 강남구,,company's business goal(s)Establish the optimal mid to long term portfolio strategy and business model for Roche portfolio...
https://kr.indeed.com/viewjob?jk=,3.9,서울,,"Direct Responsibilities Onboarding, Recertification and partial review conducted with business, Compliance and relevant..."
https://kr.indeed.com/viewjob?jk=,,대한민국,,What you... doing Be a primary point of contact and build long term relationships with existing and new partners Develop...
https://kr.indeed.com/viewjob?jk=,4.2,서울,,channel marketing tactics for short- term and long- term Maps out hemophilia market... LTFU (long term follow up) model planning...
https://kr.indeed.com/viewjob?jk=,,서울,,"time work, Remote work) Short- term Incentive based on yearly performance Long- term Incentive (Share options) Application..."
https://kr.indeed.com/viewjob?jk=,,서울,,"global culture, attractive compensation package and long- term career development. Choose us, choose a good future! We put..."
https://kr.indeed.com/viewjob?jk=,,서울 강남구,,"RiiidCollaborate with internal teams to assist in long- term financial planning, assessment of financial results, and creation..."
https://kr.indeed.com/viewjob?jk=,4.1,서울,,stories about sport and nurture long- term relationships between the athletes... Korea’s long term vision & strategy...
https://kr.indeed.com/viewjob?jk=,4.0,서울,,complexity of solution architecture options... long term roadmap... solution. Act... ultimate authority...
https://kr.indeed.com/viewjob?jk=,,서울,,so you can grow your career and expand your skills... long term. Cytiva is proud to work alongside a community of nine...
https://kr.indeed.com/viewjob?jk=,,대한민국,,ll work... Marketing and HQ team on delivering the long- term strategy... markets. Taking responsibility for your...
https://kr.indeed.com/viewjob?jk=,,서울 강남구,,other technology-relevant public policy concerns. 3. Building long- term strategic relationships with local partners; develop...
https://kr.indeed.com/viewjob?jk=,,서울,,"candidate including Global Profit Share scheme, and long- term career development opportunities etc. Personal data collected..."
https://kr.indeed.com/viewjob?jk=,,서울,,platform & identify new opportunities - building strong & long term partnerships with operators to get analytics and customer...
https://kr.indeed.com/viewjob?jk=,,인천,,commission of any... acts. The term “sexual exploitation” means any actual... conditions. The term “sexual harassment...
https://kr.indeed.com/viewjob?jk=,,서울,,"market strategy including... limited to a short and long- term account and agency plan, a staffing plan that supports..."
https://kr.indeed.com/viewjob?jk=,,서울,,live streaming team for South Korea; - Making short term and long term strategy and plans for live streaming development...
https://kr.indeed.com/viewjob?jk=,,서울 용산구,,ExcellenceDevelop and implement long term commercial growth strategies across... drive the long- term success of GSK CH...
https://kr.indeed.com/viewjob?jk=,,서울 마포구,,reports to marketing manager.WHAT YOU WILL DOBuild short- term & long- term forecast and strategies for brandAchieve business...
https://kr.indeed.com/viewjob?jk=,,서울,,original content &events) and international. - Identify long- term audience andcontent priorities in parallel... Apple...
https://kr.indeed.com/viewjob?jk=,,대한민국,,role also offers a great work environment within a professional and friendly environment and long- term career opportunities.
https://kr.indeed.com/viewjob?jk=,,서울,,looking vision of femininity continues to inspire our long- term commitment to support the advancement of women. Women moving...
https://kr.indeed.com/viewjob?jk=,,서울,,administrative and technical support Potential long- term cooperation A paid probation period to coach you in Booking.com...
https://kr.indeed.com/viewjob?jk=,3.9,서울,,organizational capabilities required... medium to long term are clear and acted on Interpreting HR analytics data...
https://kr.indeed.com/viewjob?jk=,3.9,서울,,organizational capabilities required... medium to long term are clear and acted onInterpreting HR analytics data...
https://kr.indeed.com/viewjob?jk=,,대한민국,,Korea Ability to learn new solution products in a short term period Experiences of sales to large customers in Korea Direct...
https://kr.indeed.com/viewjob?jk=,,서울,,"1. Have you done a Quality Check before? 2. Given long- term, full-time or part-time employment, what is your most competitive..."
https://kr.indeed.com/viewjob?jk=,,서울,,"two-year fixed- term employment contract with full benefits. Following successful completion... employment term, employees..."
https://kr.indeed.com/viewjob?jk=,,서울,,region... role is responsible for managing the long- term success of GE’s relationship... set of accounts in order...
https://kr.indeed.com/viewjob?jk=,,서울,,share of visibility and build organic traffic for long- term success on Coupang. Drive the content optimization and improve...
https://kr.indeed.com/viewjob?jk=ca01112f2d124b7e,E-Boutique Professional,서울,,platform & identify new opportunities - building strong & long term partnerships with operators to get analytics and customer...
https://kr.indeed.com/viewjob?jk=f5e7d544992900fb,Production Operator Korea,대한민국,,technology group that strengthens its customers and society long- term through forward-looking innovations. Together with our...
https://kr.indeed.com/viewjob?jk=dfba483e59693f1e,"컨텐츠제작, 번역 외 신입/경력 정규직",성남 수정구,,LOOKING FOR LONG TERM PEOPLE (1-2 YEARS... media content design-Can commit to long term (2+ years)*Marketing Strategist...
https://kr.indeed.com/viewjob?jk=28424fee09a90c2d,Account Mgr,대한민국,,"responsible for sales results. • Establishes strong, long- term customer relationships and cultivates new business..."
https://kr.indeed.com/viewjob?jk=9ab0b379de8a8757,[Janssen] Medical Information Specialist4.2,서울,,2. 계열사: 한국얀센 (Janssen) 3. 근무지: 서울시 용산구 4. 근무 형태: Fixed Term [Summary... position will act as a Medical Information expert...
https://kr.indeed.com/viewjob?jk=ab9bf17b10f3b993,Legal Counsel (Transaction),서울 강남구,,"관련 회사가 검토하는 제반 프로젝트에 대한 법률 자문을 진행해요.Transaction Project에 필요한 term sheet 준비, 거래구조, 법률실사 지원 및 관리, 거래계약(MOU, SPA, SHA 등) 체결 및 검토..."
https://kr.indeed.com/viewjob?jk=9046f86eafd667b9,Senior HR Supervisor,대한민국,,"promotions and external recruitment to satisfy near- term performance, longer- term succession needs... insure plant has..."
https://kr.indeed.com/viewjob?jk=25776456522632d3,E-Retail Professional(Travel Retail Channels),서울,,identify new opportunities building strong & long- term partnerships with e-retailer MDs to get analytics and customer data...
https://kr.indeed.com/viewjob?jk=fd624aa400347c5d,Livestream Operations Manager - South Korea,서울,,"Talents for live-streaming section. 2. Build and maintain long- term relationship with MCN, agencies and influencers (KOLs). 3..."
https://kr.indeed.com/viewjob?jk=68477dea102639b7,FP&A Manager,대한민국,,achieve mid/long term company goals... viewpoints to keep/enhance long- term win-win business relationship with key...
https://kr.indeed.com/viewjob?jk=42741bbe0ac076a4,Key Account Manager,대한민국,,ongoing relationships and encourage long term growth. • Work with all key customers... manage trading term compliance. What you...
https://kr.indeed.com/viewjob?jk=7fcc3ce0126d04ca,[촉탁직] 반도체 소재 개발 전문가 영입4.0,성남 분당구,,1.채용기간 2022-02-03 - 충원 완료시 2.고용형태 Contractor (Fixed Term) 3.채용직무소개 반도체 소재 개발 경험을 기반으로 신규 플랫폼 서비스 기능 개발/개선 자문 전자·기계·기술...
https://kr.indeed.com/viewjob?jk=3709e494a7b3fc42,"Technical Solutions Executive, AEC4.1",대한민국,,expansion and long- term partnerships... gain acceptance that Autodesk is a long term solution provider Technical Discovery...
https://kr.indeed.com/viewjob?jk=8fd6d71761b4262b,Network Engineer - OCONUS3.8,대한민국,,Start: TS/SCI with Polygraph Employee Type: Regular-Long Term Assignment Percentage of Travel Required: Up to 10% Type...
https://kr.indeed.com/viewjob?jk=dd654623d78a3643,Customer support engineer,서울,,prioritize product issues... implement both short- term and long- term solutions.” Investigates product or system problems...
https://kr.indeed.com/viewjob?jk=b0c8ef1e3be4ee11,영어 가능한 주한 외국인 리로케이션 코디네이터,서울 용산구,,"Maintenance2. Clients Secretary & Documentary Work3. Short Term Staying Accommodation4. Furniture Rental & Sale, Buying..."
https://kr.indeed.com/viewjob?jk=b9e80ef04602a2fe,Software Engineer,서울,,"life insurance, accidental death and dismemberment, short/long- term disability, and 401(k) retirement plans as well as a paid..."
https://kr.indeed.com/viewjob?jk=84a61243bb94bae2,"[ALK] R&D, Research Associate (Synthetic Chemist)",서울+1 지역,,"growth, consistent performances and responsibility over the long term... 8 research institutes in major sites, including..."
https://kr.indeed.com/viewjob?jk=1a9c0a18e7fe14f6,Marketing Communication,서울,,Plan marketing events including budget and short and long- term strategy Create and maintain consistent corporate brand/image...
https://kr.indeed.com/viewjob?jk=fcdb7e28bc995736,KO LQA Specialist,서울,,Korean Experienced in successfully carrying out long- term QA projects Strong interpersonal skills. Used to working...
https://kr.indeed.com/viewjob?jk=03c237650fdd86a1,Strategic Client Technology Lead4.2,서울,,"trusted, long- term (e.g., three years... go-to"" person in established, long- term relationships with technical decision..."
https://kr.indeed.com/viewjob?jk=0f293ed87d01dee3,Summer Teaching Job (with Full-time benefits),서울+1 지역,,international airport upon successful completion... contract term · Round-trip... working 3 months... Summer...
https://kr.indeed.com/viewjob?jk=68602d1b4810fac5,Field Support Representative,서울,,"life insurance, accidental death and dismemberment, short/long- term disability, and 401(k) retirement plans as well as a paid..."
https://kr.indeed.com/viewjob?jk=f70f93e6b981dbbc,Adhesive Product Safety and Regulatory Affairs Intern,서울,,"JOB ID: 22031820 Contract & Job type: Full Time, Limited Term Contact information for application-related questions: recruit..."
https://kr.indeed.com/viewjob?jk=2b535b4a30cc4525,KYC Operator (1 year fixed term)3.8,서울,,• Responsible for verification of Client data • Perform due diligence of new and existing clients covering a wide range...
https://kr.indeed.com/viewjob?jk=3a4f0bb87ade118b,Senior Retail Trainer,대한민국,,Good understand of retail business both long- term strategy and daily operations... both long- term strategy and daily...
https://kr.indeed.com/viewjob?jk=ff48670f168cd5f6,Account Manager,대한민국,,ensure long term business opportunities... customer experience to develop long term business opportunities. Complete annual...
https://kr.indeed.com/viewjob?jk=45e93d83adbbc6ba,UX Designer4.0,서울,,office... go. We value deep thinking and long- term decisions along with decisiveness and risk taking. We believe...
https://kr.indeed.com/viewjob?jk=303fd0d2badcdf7f,Key Account Manager,서울 강남구,,"qualified projects which will provide short, medium and long- term success.Build and manage relationships along complex value..."
https://kr.indeed.com/viewjob?jk=c178e08472e9972d,Site Engineer - OCONUS - TS/SCI Poly3.8,대한민국,,Start: TS/SCI with Polygraph Employee Type: Regular-Long Term Assignment Percentage of Travel Required: Up to 10% Type...
https://kr.indeed.com/viewjob?jk=00445d85de39c3a3,(Branch) Fixed Term 1Y_Finance & Control3.9,서울,,"Direct Responsibilities Process booking and payment of general expenses for employees, vendors / service providers after..."
https://kr.indeed.com/viewjob?jk=d38bb0cdf3df8d38,Commercial Excellence Manager - North APAC,서울,,"skills. Strategic thinker, able to balance long- term vision with short- and medium- term goals. Fluent English speaker"
https://kr.indeed.com/viewjob?jk=0f0f5d7bf73acbf8,Sales Manager,대한민국,,Business Objectives. sales manager will support to build long term customer relationships and manage resolution to specific...
https://kr.indeed.com/viewjob?jk=17d2de60db7dbe50,Mid-level Project Management Specialist (AvionX),서울,,"two-year fixed- term employment contract with full benefits. Following successful completion... employment term, employees..."
https://kr.indeed.com/viewjob?jk=c1bef4a6fd1883e2,Key Account Manager,대한민국,,"well-qualified projects which will provide short, medium and long- term success. Build and manage relationships along complex..."
https://kr.indeed.com/viewjob?jk=152d393c0f37b019,펀드오퍼레이션팀 계약직,대한민국,,com/en-US/Barings/job/Fund-Operation-Assistant-4-Month-Fixed- term-_JR_003876 채용방식 - 1차: 서류전형 - 2차: 면접(서류전형 합격자에 한해 개별통지...
https://kr.indeed.com/viewjob?jk=f4789087a31f5109,Paralegal (1-yr fixed term)4.1,서울,,"At Bristol Myers Squibb, we are inspired by a single vision – transforming patients’ lives through science. In oncology..."
https://kr.indeed.com/viewjob?jk=0f6a5d764b87cae8,Quality Specialist (Fixed Term worker),서울,,Support the Quality Systems for S+N Korea operation to ensure compliance... MFDS and S+N corporate QA requirements...
https://kr.indeed.com/viewjob?jk=dfeb272317ed864f,[R&D/Air Liquide Korea] Research Associate(SyntheticChemist),서울 강남구,,"growth, consistent performances and responsibility over the long term... 8 research institutes in major sites, including..."
https://kr.indeed.com/viewjob?jk=498f03023df0be30,Floor Manager,부산광역시,,"support with planning of turnover and hours short-and long- term, to secure an efficient workflow •Act as a customer service..."
https://kr.indeed.com/viewjob?jk=158662464c7e0809,Business Development – Synthetic Biology/ Variant Libraries/...,서울,,highly valued. Strong desire to win business and establish long term customer relationships. Excellent communication skills...
https://kr.indeed.com/viewjob?jk=b69703c163179d10,Bilingual (Korean-English) Non-Voice Customer Support,원격 근무 in 서울,,"full-time... long- term work from home job. If you are looking... stable and long- term job, submit your proposal..."
https://kr.indeed.com/viewjob?jk=a7ee23a694ca9be7,Procurement Specialist (6M contract),서울 용산구,,development of a long- term vision for all... development... long and short- term plans to improve Procurement processes...
https://kr.indeed.com/viewjob?jk=da86fbc1089300a2,Customer Success Account Manager4.2,서울,,"priorities across short- term, mid- term, and long- term objectives. Develops multiple... implement long- term solutions that drive..."
https://kr.indeed.com/viewjob?jk=4ef7190ff9bb2823,"Country Director, Korea",서울,,"strategy with short, medium, long term goals Establish strong operational rigour... Meta to form long term strategic..."
https://kr.indeed.com/viewjob?jk=82418207200365b6,OTC 마케팅 JPM~PM 모집,서울,,기적으로 브랜드 강화를 위한 전략을 수립 진행한다. Lead development of annual and long term brand/business planning Provide strategic leadership...
https://kr.indeed.com/viewjob?jk=773c9cbd52b3884b,Sports & Culture Marketing Manager(Seoul) with Distribution...,서울,,"brand by designing and executing a short-, mid- and long- term Sports/E-Sports & Culture program achieving strong credibility..."
https://kr.indeed.com/viewjob?jk=d0659dcbffee54a3,[Medical Devices] APAC Regional Manager – Global Logistics P...4.2,서울,,"regional leadership Teams as well as communicating the long term logistics procurement vision and strategy, including..."
https://kr.indeed.com/viewjob?jk=c80c823f4c170fe4,Field Engineer,서울,,so you can grow your career and expand your skills... long term. Cytiva is proud to work alongside a community of nine...
https://kr.indeed.com/viewjob?jk=fe756c044b490afe,Senior Field Application Engineer - Korea,대한민국,,support. FAEs are responsible for building trust and long term relationships with our customers... have... able to get...
https://kr.indeed.com/viewjob?jk=,4.1,서울,,"leaders to develop effective and diverse short- and long- term succession planning for key positions, to ensure retention..."
https://kr.indeed.com/viewjob?jk=,,경기도,,A. JOB SUMMARY Provide support... business... Communications infrastructure. Delivery of first level support...
https://kr.indeed.com/viewjob?jk=,,대한민국,,stable customers Grow existing accounts through fostering long- term relationships with existing clients Build and execute...
https://kr.indeed.com/viewjob?jk=,,서울,,affiliate is ranked among the top 15 within Novo Nordisk in term of total revenue generated... our Ambition 2021 (“Strive...
https://kr.indeed.com/viewjob?jk=,,경상남도 거제,,commercial agreements along with maintaining long term business significance within our Korean operation... position...
https://kr.indeed.com/viewjob?jk=,,서울,,Common Functions. Business acumen to build and manage long- term stakeholder relationship. Excellent English skill to work...
https://kr.indeed.com/viewjob?jk=,,서울,,"COMMERCIAL PLANNING • Develop and present the mid-long term sales strategy with details of priorities identification, budget..."
https://kr.indeed.com/viewjob?jk=,4.1,서울,,"customers and partners to gain customer insights, create a long- term sales strategy per account and become knowledgeable..."
https://kr.indeed.com/viewjob?jk=,,서울,,our customers and Abbott. Prepare and negotiate long term contracts and Tender response documents. Support new product...
https://kr.indeed.com/viewjob?jk=,,서울 강남구,,Sales & Business Development (L+) Type of contract Fixed- term contract Contract start date 1 April 2022 Position...
https://kr.indeed.com/viewjob?jk=,3.9,서울,,IBM’s relevancy to both new and longer- term business executives within the account... medium- and long- term client strategy...
https://kr.indeed.com/viewjob?jk=,3.5,서울,,may be necessary. - Focus on customized products in long term and complex contracts to achieve both profitability goals...
https://kr.indeed.com/viewjob?jk=,,서울,,"foster long- term, trusted business relationships. Communicate key issues and advise customers on short-and long- term product..."
https://kr.indeed.com/viewjob?jk=,,서울,,Referral Bonus • Employee Recognition Awards • Short- term & Long- term Disability Coverage • Flexible Work Schedules ALM...
https://kr.indeed.com/viewjob?jk=,,경기도 평택,,expenditures and recommendations for short- and long- term actions to achieve financial goals. Assist clients in managing...
https://kr.indeed.com/viewjob?jk=,4.3,서울,,"medium sized business advertisers in Korea. Through long- term relationship development, we are dedicated to understanding..."
https://kr.indeed.com/viewjob?jk=,3.8,대한민국,,"issues Detailed Description and Job Requirements Builds long term, strategic relationships with named and vertical business..."
https://kr.indeed.com/viewjob?jk=,,서울,,"Job Category Engineering Country Korea, Republic of Job Subcategory R&D Engineering Hire Type Defined Term Emp."
https://kr.indeed.com/viewjob?jk=,,부산광역시,,"publicly traded, worldwide group. The company’s long- term success is based... four key strengths of its value-driven..."
https://kr.indeed.com/viewjob?jk=,,서울,,framework of a term Contract and seek... Plan resource requirements for short term and medium term in consideration of sales...
https://kr.indeed.com/viewjob?jk=,3.9,서울 강남구,,"identifying and developing sales opportunitiesEstablishing long- term customer relationships, reacting immediately to issues..."
https://kr.indeed.com/viewjob?jk=,,대한민국,,15% bonus) Hybrid function Annual leave seniority plan Short- term incentive bonus Seniority LTIs and benefits Mobility bonus...
https://kr.indeed.com/viewjob?jk=,4.0,서울 종로구,,1.채용기간 2022-02-28 - 충원 완료시 2.고용형태 Contractor (Fixed Term) 3.채용직무소개 Battery Global 시스템 운영/구축 인터넷·IT·통신·모바일·게임>전산·IT기술지...
https://kr.indeed.com/viewjob?jk=,,경기도 성남,,productivity and quality and modem competitiveness... long term. 職缺需求 •Experienced with modem protocol and Layer1...
https://kr.indeed.com/viewjob?jk=,,서울,,along with long- term development... act as project lead... short/long- term market growth plan development Manage...
https://kr.indeed.com/viewjob?jk=,,서울,,"time work, Remote work) Short- term Incentive based on yearly performance Long- term Incentive (Share options) Application..."
https://kr.indeed.com/viewjob?jk=,,대한민국,,역할을 수행할 수 있을 정도의 능력 배양 및 조직문화 적응 We are proud to have a long- term bonding with our employees: More than 30% of our employees...
https://kr.indeed.com/viewjob?jk=,4.0,서울,,"Develops and monitors key KPIs for ad-hoc, short- and long- term planning Drives the planning and execution... annual..."
https://kr.indeed.com/viewjob?jk=,,서울,,salary dependant on experience • Contract negotiable - fixed term or casual *Essential... Fluent in Korean • Confidence...
https://kr.indeed.com/viewjob?jk=,3.8,서울,,"business strategies for long- term and short- term, aligning... company... develop mid- term plans. Analyze the data..."
https://kr.indeed.com/viewjob?jk=,,서울,,support from them. Provide input... OP meetings for long term planning horizons; provide recommendations to supply chain...
https://kr.indeed.com/viewjob?jk=,,서울 강남구,,"skills with an ability to initiate, acquire and build long term relationships with Senior Management; • Minimum 5 years..."
https://kr.indeed.com/viewjob?jk=,,서울,,"analysis... gender pay gap analysis, etc. • Short- term and Long- term incentives management Benefit Management • Lead..."
https://kr.indeed.com/viewjob?jk=,,서울 역삼동,,"중급-중상급(포지션별 상이) 주요업무내용 To set short, medium and long- term targets to maximize revenue and improve business profitability..."
https://kr.indeed.com/viewjob?jk=,,서울 강남구,,"mindset is core to our business and key to our long- term success. JOB PURPOSE Service excellence ambassador, responsible..."
https://kr.indeed.com/viewjob?jk=,,서울,,Strategy/ Budget Management • Develop and implement the long- term and yearly PR & communication strategies and analyse...
https://kr.indeed.com/viewjob?jk=,,경기도,,execution Persistent the value and culture of Veeva for long- term customer success Requirements Excellent competency...
https://kr.indeed.com/viewjob?jk=,3.8,경기도,,"strategic business planning, set up long- term framework for people & business. You... manage long- term plans, set budgets..."
https://kr.indeed.com/viewjob?jk=,,서울 마포구,,penetration and cross selling. Developing sustainable long- term relationships.Lead and Manage big scale of project from quote...
https://kr.indeed.com/viewjob?jk=,,서울,,Setting the strategy for South Korea and growing the long- term pipeline Managing a professional team and staying aligned...
https://kr.indeed.com/viewjob?jk=,4.2,충청북도 청주,,앤드존슨 컨슈머 (Consumer Health) 3. 근무지: 충청북도 청주시 4. 근무 형태: Fixed Term [Responsibilities] - Global J&J 의 기준과 조건에 부합하는 당 팀의 프로그램 계획...
https://kr.indeed.com/viewjob?jk=,,서울,,"knowledge preferred. Planning Skill for yearly performance or long term project, Fluent communication & presentation Further..."
https://kr.indeed.com/viewjob?jk=,,서울 강남구,,ž Develop digital marketing strategy for mid/longer term ž Develop category/brand digital marketing strategy in line...
https://kr.indeed.com/viewjob?jk=,,서울,,"drives everything we do. We strive to build trusted, long- term partnerships to help our clients achieve... business..."
https://kr.indeed.com/viewjob?jk=,,서울 강남구,,targets.- Responsible for delivery customer plan and long term & short term sales strategy to contribute stable sales growth...
https://kr.indeed.com/viewjob?jk=,,서울,,"principal investment. Job no: MAM-964474 Work type: Fixed term Location: Seoul Category: Junior, Administration & Support..."
https://kr.indeed.com/viewjob?jk=,,서울,,"decision making processes, buying criteria and forming long term business partnerships in order to leverage revenue from..."
https://kr.indeed.com/viewjob?jk=,,서울,,brightest talent to help us scale. Visit our culture memo and long- term view to learn more about the unique Netflix culture...
https://kr.indeed.com/viewjob?jk=,,서울,,fashion lifestyle brands. ABG elevates and builds the long- term value of more than 50 consumer brands and properties...
https://kr.indeed.com/viewjob?jk=,,부산광역시,,trainings and visits * Analyze and develop the market for long term establishment... area... FUNDAMENT OF YOUR CAREER...
https://kr.indeed.com/viewjob?jk=76b63bbdba4b2e2f,Technical Support Engineer (1 year fixed term),서울,,Confluent is pioneering a fundamentally new category of data infrastructure focused on data in motion. Have you ever found...
https://kr.indeed.com/viewjob?jk=a71fee290a719987,"Medical Manager, New Therapy Areas Clinical Development",서울,,affiliate is ranked among the top 15 within Novo Nordisk in term of total revenue generated... our Ambition 2021 (“Strive...
https://kr.indeed.com/viewjob?jk=6c9a50985a70a552,Sr. Planning Analyst,서울,,"process in order to assist in setting up short and long term company strategic plan, aligned with our company’s strategic..."
https://kr.indeed.com/viewjob?jk=1be01e0237ee0ab5,Intern - Economic Affairs (171198),인천,,commission of any... acts. The term “sexual exploitation” means any actual... conditions. The term “sexual harassment...
https://kr.indeed.com/viewjob?jk=93cdc8c799e31b0f,[Air Liquide Solutions Korea] Customer Quality Specialist (C...,대한민국+1 지역,,consistent performances and responsibility over the long term. Entity and activity description Reporting to Industrial...
https://kr.indeed.com/viewjob?jk=fae9988ef102455d,Brand Manager 차장,서울,,"marketing plan by translating the long term strategies... short term, tactical plans and activities... deliver..."
https://kr.indeed.com/viewjob?jk=0ac58a480b00dcdd,KR_HP_Scientific Content Manager4.1,대한민국,,"family-owned ever since, Boehringer Ingelheim takes a long- term perspective. Now, we are powered by 52,000 employees..."
https://kr.indeed.com/viewjob?jk=e36d51c48b947c35,Global Account Director for SK Group4.3,서울,,"clients digital strategy Develop Long- Term Strategic Client Engagement, Big Rock... Develops long term c-level relationships..."
https://kr.indeed.com/viewjob?jk=09ec69f49889eb36,Sales Development Representative (SEOUL),서울,,"focus on things only humans can do. Over the long term, AI Rudder aims to rethink the future of business communication..."
https://kr.indeed.com/viewjob?jk=c973782c2738e058,"Principal Investment, Real Estate Investment, VP, Korea",서울,,decisions Assist senior members... team... preparation of term sheets and reviewing transaction documentation Project...
https://kr.indeed.com/viewjob?jk=a383d5624a026d98,"Startup SA Manager, Korea",서울,,main stakeholders and trends A long- term mindset that understands the importance... drive long term strategy with startups...
https://kr.indeed.com/viewjob?jk=1876c2ff9f8557fa,"Financial Planning &Analysis, Associate",서울 영등포구,,"모집부문 및 자격요건 Main Responsibilities Required... Develop long term business plan, yearly business plan and 3months rolling..."
https://kr.indeed.com/viewjob?jk=3c63763490779833,"Authenticator & Quality Control, Korea",서울,,returns items Long- term training... genuine interest in building a long- term career as an Authentication Expert You...
https://kr.indeed.com/viewjob?jk=756b35fac1b2ee3d,Category Manager4.2,서울,,gross margin. Ability to reinvent ourselves and secure long- term growth by leveraging approaches... deliver loyal...
https://kr.indeed.com/viewjob?jk=7cb50b7187152bc1,Project Development Manager – South Korea,서울,,model user-level skills required Ability to forge long term professional relationships with third parties Qualifications...
https://kr.indeed.com/viewjob?jk=490a4f48cd305ff0,Indirect Sourcing Manager,대한민국,,service delivery and commercial risk. Leadership To build long term business relationships... internal stakeholders...
https://kr.indeed.com/viewjob?jk=f89ee17456fc7153,"Asset Management, Assistant, Seoul",서울,,around the world... dedicated partnership and focus on long- term performance. As primary investment area within Goldman...
https://kr.indeed.com/viewjob?jk=eab9b79ffddcf137,Manager Sales,대한민국,,Demonstrated ability to develop and drive clear short to mid- term omni channel strategy to maximize physical availability...
https://kr.indeed.com/viewjob?jk=d3e239f852b23a60,"Application Support, Korea Core Payment, Professional",서울,,"drives everything we do. We strive to build trusted, long- term partnerships to help our clients achieve... business..."
https://kr.indeed.com/viewjob?jk=3cb26d163637d6f2,PROGRAMME MANAGEMENT OFFICER [Temporary],인천,,commission of any... acts. The term “sexual exploitation” means any actual... conditions. The term “sexual harassment...
https://kr.indeed.com/viewjob?jk=415390721262faf8,Operation Clerk / Sangam Center (계약직),경기도 고양,,있음 (예정-경인 청라지구) 모집 마감일: 5월 1일 월요일 Employee Type: Fixed Term (Fixed Term) UPS is committed to providing a workplace free...
https://kr.indeed.com/viewjob?jk=fb74bd39ab775314,In-Vitro Diagnostic Medical Devices Auditor,대한민국,,price negotiation... develop/maintain/expand the long- term relationship as right business partner - Continuously learn...
https://kr.indeed.com/viewjob?jk=5fc64e2aaa4336f5,Sr. Business Development Representative,서울,,"goal of increasing customer satisfaction Build long- term relationships with clients, partners, and internal stakeholders Seek..."
https://kr.indeed.com/viewjob?jk=b02ac4c4261e0dd7,"Technical Solutions Manager, gTech Customer Experience4.3",서울,,new products via upgrades and migrations to develop... long- term success. Analyze and optimize the development of clients...
https://kr.indeed.com/viewjob?jk=d1e568f8c8fc64a1,Wireless Communication Account Manager,서울,,maintaining... satisfaction. Maintains positive ongoing long- term relationships with key customers. Proactively acts...
https://kr.indeed.com/viewjob?jk=14cede13674b2920,[Janssen] Medical Advisor - Hematology4.2,서울,,out evidence generation opportunities and anticipates long- term evidence. Actively seek and learns new techniques and trends...
https://kr.indeed.com/viewjob?jk=75736f24c3371d5a,"KR_AH_Local Sales Manager, CA4.1",대한민국,,"family-owned ever since, Boehringer Ingelheim takes a long- term perspective. Now, we are powered by 52,000 employees..."
https://kr.indeed.com/viewjob?jk=08a54c2be6b69e0e,"[Air Liquide Korea] H2E Business Developer, Upstream",대한민국+1 지역,,short/medium/long- term strategies... studies: Anticipate a short- to long- term new developments in Korea to communicate...
https://kr.indeed.com/viewjob?jk=7670e6e2b84e7592,[Janssen Vaccines] Finance Analyst4.2,인천,,2. 계열사: 얀센백신 (Janssen Vaccines) 3. 근무지: 인천 송도 4. 근무 형태: Fixed Term [Summary] Janssen Vaccine is recruiting... temporary...
https://kr.indeed.com/viewjob?jk=848e5fea133ecbec,Geospatial Systems Software Engineer,서울,,"life insurance, accidental death and dismemberment, short/long- term disability, and 401(k) retirement plans as well as a paid..."
https://kr.indeed.com/viewjob?jk=3f631a41b03ae79c,"Strategic Partner Manager, Creator Partnerships, Growth, Kor...",서울,,"Experience with new business development, building long- term partnerships, and partner management in Korea Managing project..."
https://kr.indeed.com/viewjob?jk=8993ff5f896a188e,Global Account Manager,대한민국,,"partners... drive profitable and long- term revenue contribution, customer... profitable, long term business of those..."
https://kr.indeed.com/viewjob?jk=d57dc6840202e8da,[외국계 대기업] 전자제품 회사 (HR C&B Specialist),서울 영등포구,,"non-management benefits as per policy... group term insurance, medical check-up, housing loan, flexible benefit plan..."
https://kr.indeed.com/viewjob?jk=3ff644d9823da095,Strategic Account Manager,대한민국,,your plan to develop weekly reporting including long term account strategies with both current and proposed activities...
https://kr.indeed.com/viewjob?jk=6bb58264d9a5dd2a,[Air Liquide Solutions Korea] Warehouse Technician (Cheonan),대한민국+1 지역,,consistent performances and responsibility over the long term. Entity and activity description Air Liquide Solutions Korea...
https://kr.indeed.com/viewjob?jk=37283836b3d97605,Sales & Business Development Specialist (MBMK)4.0,서울,,Mercedes-Benz Mobility Korea (MBMK) is offering Long Term Rental services for Mercedes-Benz customers... position...
https://kr.indeed.com/viewjob?jk=d2f6fb26c1a62f86,"Technical Sales Support, Cell Culture3.5",서울,,engagement for near- term revenue gains... portfolio to build a foundation for long term growth - Utilizes intelligence-based...
https://kr.indeed.com/viewjob?jk=f0f2947c989d5894,Production Planner (Logistics),대한민국,,manufacturing company preferred. Experience in providing long- term forecasts & orders to overseas suppliers and managing...
https://kr.indeed.com/viewjob?jk=3b3500d638804853,Beverage Manager,서울,,"understands the environment and coaches others to improve long- term outcomes Has good business acumen, a strong work ethic..."
https://kr.indeed.com/viewjob?jk=16022db69128aa9a,"Specialist, Relationship Management - Asset Servicing",서울,,"client, advising... best way to achieve short- and long- term strategic objectives. From a global, bank-wide perspective..."
https://kr.indeed.com/viewjob?jk=9643760818195064,Account Executive - University,서울,,prospects in order to build long- term business opportunity. You’ll also work... Develop long- term strategic partnerships...
https://kr.indeed.com/viewjob?jk=2d2a714397dffcf9,"Account Director, Korea",서울,,"targets, you help to grow business accounts... long- term success for all parties. Develop opportunities to generate..."
https://kr.indeed.com/viewjob?jk=a66c73b1d4c31236,Business Development Manager – South Korea,서울,,your team. The ability to establish and develop profitable long– term partnerships with both internal and external customers...
https://kr.indeed.com/viewjob?jk=01807da31ba12236,Goods Flow Team Leader - IKEA Gwangmyeong3.8,경기도,,usage of short term capacity... store... actions that contribute to achieving long- term profitability in a sustainable...
https://kr.indeed.com/viewjob?jk=eeee68d268934495,PM(Project Management),대한민국,,Job Development & Utilization Short- Term Plan (2~3 years) - SAIT102 Programme... Utilization Short- Term Plan (2~3 years...
https://kr.indeed.com/viewjob?jk=cc008eb9d340405f,[Loreal Korea] E-Key Account Manager - CPD,서울 강남구,,"Products Division[JOB SUMMARY]Build, manage and develop long- term Ecommerce relationships in order to achieve the targeted..."
https://kr.indeed.com/viewjob?jk=b512c5ab6549441d,Adhesive Operation Intern Gasan/Songdo,인천,,"JOB ID: 22030531 Contract & Job type: Full Time, Limited Term Contact information for application-related questions: recruit..."
https://kr.indeed.com/viewjob?jk=87a6ae52d9d61d2d,Customer Project Technical Senior Engineer,서울,,perform Engineering & Commissioning activity for short and long term deputation - To perform customer FAT - Good in english...
https://kr.indeed.com/viewjob?jk=bc48ed32801a196a,Admissions Counselor,인천,,upon satisfactory completion... initial contract term. Minimum Qualifications Bachelor’s degree or equivalency. One...
https://kr.indeed.com/viewjob?jk=276ce1b7381c4e1e,"Technology Operations, Analyst",서울,,"drives everything we do. We strive to build trusted, long- term partnerships to help our clients achieve... business..."
https://kr.indeed.com/viewjob?jk=1335d77963b81179,Development Engineer for Telematics System Integration in MB...4.0,서울,,Aufgaben About us Mercedes-Benz invented the car over 130 years ago and has been passionate about shaping the future...
https://kr.indeed.com/viewjob?jk=184afb5c287dfd1e,Training Specialists,부산광역시,,OECD Core Competencies. Contract Duration Two-year fixed term appointment... possibility of renewal. What the OECD...
https://kr.indeed.com/viewjob?jk=488195bba0da1ff8,Student Intern4.0,서울,,"academic or career goals. Internships are generally one term experiences, generally... summer, though some can translate..."
https://kr.indeed.com/viewjob?jk=6ea6ebca2edd116c,"Accelerated Growth Consultant, Google Customer Solutions (En...4.3",서울,,"Google Ads investment through sustainable and long- term strategies... role, you will work as a specialist to drive..."
https://kr.indeed.com/viewjob?jk=ea1b84bcb3e02504,Store Operations Assistant (신세계 센텀 여성),부산 해운대구,,mindset is core to our business and key to our long- term success. JOB PURPOSE Through your passion... brand...
https://kr.indeed.com/viewjob?jk=885b297938084b64,"Business Finance Analyst, Business Finance (English, Korean)4.3",서울,,"level management... name Google came from ""googol,"" a mathematical term... number 1 followed by 100 zeros. And nobody..."
https://kr.indeed.com/viewjob?jk=168170435f68c5ab,Oncology PSR (1-yr fixed term)4.1,대한민국,,"current and future business, and responds proactively to secure long term business performance, presenting the business plan..."
https://kr.indeed.com/viewjob?jk=4170687e9b090e5d,"Account Executive, Google Customer Solutions (Korean, Englis...4.3",서울,,"critical growth engine for customers in GCS. Through long- term relationship development, we are dedicated to understanding..."
https://kr.indeed.com/viewjob?jk=4a4403c0193999c6,"Procurement Field Rep, Sacheon",대한민국,,"two-year fixed- term employment contract with full benefits. Following successful completion... employment term, employees..."
https://kr.indeed.com/viewjob?jk=a45e873589d832f4,teaching,서울,"시급 36,000원",We have an open and flexible approach to building long- term business relationships with our customers as well as our partners...
https://kr.indeed.com/viewjob?jk=0e1bb4f191335c90,Financial Analyst,대한민국,,accruals. Assist Business controllers to prepare long term strategic plan and monthly rolling forecast. Organize and lead...
https://kr.indeed.com/viewjob?jk=65a5b2f825521e52,Aspire MBA Opportunities - Sales Role - Korea4.2,서울,,"establish long term customer success... promoting mutually beneficial, long- term, tailored account plans to grow sales..."
https://kr.indeed.com/viewjob?jk=8df97f089d8a7d9c,Machine Learning Researcher (Computer Vision),서울,,"two-year fixed- term employment contract with full benefits. Following successful completion... employment term, employees..."
https://kr.indeed.com/viewjob?jk=669633ceabd62be9,[Medical Devices] APAC Regional Manager - Global Logistics,서울 용산구,,"regional leadership Teams as well as communicating the long term logistics procurement vision and strategy, including..."
https://kr.indeed.com/viewjob?jk=792cd95fee78321e,Bilingual (Thai-English) Customer Support,부산,,"1) year and above If you are looking... stable and long- term job, kindly fill up our application form so we can start..."
https://kr.indeed.com/viewjob?jk=c98217cd3d885c6f,Power and Drive field service engineer,부산,,"resolve problems through immediate action or short- term planning Pre-commission, commission, and service static frequency..."
https://kr.indeed.com/viewjob?jk=36d88faa7a27ca1b,Public Policy Associate,서울,,other technology-relevant public policy concerns. 3. Building long- term strategic relationships with local partners; develop...
https://kr.indeed.com/viewjob?jk=38389899e47528cd,Professional Service Specialist,대한민국,,"organization’s overall mission, vision, values, and long- term objectives. Essential Functions & Accountabilities: Prepare..."
https://kr.indeed.com/viewjob?jk=b1d8f6bd77333a9b,외국계(외국 투자기업) 각 부문 모집,부산 해운대구,,Fluent in English - Rubber seals 및 Bearing Sales 경험자 우대 - Long term 으로 근무 가능 자 Additional Information 커리어수준 : 급여사항 : 면접 후 협의...
https://kr.indeed.com/viewjob?jk=37400ace116a58be,Clinical Trial Associate(CTA) (1-yr fixed term)4.1,서울,,"Bristol Myers Squibb에서 우리는 과학을 통해 환자의 삶을 변화시키는 단일 비전에서 영감을 받았습니다. 종양학, 혈액학, 면역학 및 심혈관 질환과 업계에서 가장 다양하고 유망한 파이프 라인 중 하나 인 우리의..."
https://kr.indeed.com/viewjob?jk=4f837030a00572d9,Content Accountant,서울,,culture and our long- term view. Please... focus on license fee uploads and payment term assignments. Review and documentation...
https://kr.indeed.com/viewjob?jk=e03ec73fd5e25f48,"Account Strategist, Google Customer Solutions (Korean, Engli...4.3",서울,,"critical growth engine for customers in GCS. Through long- term relationship development, we are dedicated to understanding..."
https://kr.indeed.com/viewjob?jk=710954c0dd9a4520,[Air Liquide Korea] Project Engineer,대한민국+1 지역,,"Supports Senior PE/PM to prepare project analysis in term of cost, quality and schedule. - Manage and coordinate the third..."
https://kr.indeed.com/viewjob?jk=c3ac667dd6842c49,PC&L Supervisor,대한민국,,flow. Work closely... production teams to determine long term strategic plans. Manage SAP R/3 and coordinate with other...
https://kr.indeed.com/viewjob?jk=be24a59eb86c2df5,2022 SUMMER INTERNSHIP - SALES,서울 강남구,,leading brands? Are you intrigued... idea of building long- term business relationships with our customers? Would you like...
https://kr.indeed.com/viewjob?jk=215bd077037075da,KR HP Product Manager (Metabolic)-224771,대한민국,,"animals... family owned company, we focus on long- term performance. We believe... we have talented and ambitious..."
https://kr.indeed.com/viewjob?jk=4bfa0877792994f2,[GE Power Conversion] Project,부산,,"responsible for major and complex assignments with long- term business implications, manage complex issues within area..."
https://kr.indeed.com/viewjob?jk=ecd97dd8dce3be19,KR HP ISEE Specialist,서울 중구,,"family-owned ever since, Boehringer Ingelheim takes a long- term perspective.Now, we are powered by 52,000 employees globally..."
https://kr.indeed.com/viewjob?jk=e08c652b757de1df,Public Information Assistant,서울,,"Staff members who were granted a fixed- term, continuing or permanent appointment... conditions. The term “sexual harassment..."
https://kr.indeed.com/viewjob?jk=18af58102813cda6,"Assistant, Experiences",서울 강남구,,mindset is core to our business and key to our long- term success. JOB PURPOSE RESPONSIBILITIES PERSONAL PROFILE FOOTER...
https://kr.indeed.com/viewjob?jk=43831a98062dc2b3,Remote Freelance Translator (Korean to English),서울,,Machine Translation Post Editor* *(Korean to English) - Long term contract* *Salary: Project basis (Negotiable)* *Job...
https://kr.indeed.com/viewjob?jk=7ec81c1501f9bd25,Graduate Opportunities - Tech Sales Roles - Korea4.2,서울,,"build and maintain relationships with customers, influence long- term strategic direction and act as a trusted advisor driving..."
https://kr.indeed.com/viewjob?jk=5c21434c04bba4f6,Account Manager - Seoul,서울,,exciting developments that lie ahead... strategic long- term investments into what we believe the future of travel can...
https://kr.indeed.com/viewjob?jk=865eb768b7354dde,"Assistant, Experiences",서울,,mindset is core to our business and key to our long- term success. JOB PURPOSE RESPONSIBILITIES PERSONAL PROFILE
https://kr.indeed.com/viewjob?jk=841efe20e31dbb23,"Junior, R&D Process Engineer - PEALD",경기도 화성,,existing processes... wafer performance and long- term process stability Follow-up on new technology being reported...
https://kr.indeed.com/viewjob?jk=d56ee6e249b91e66,Translator Intern,서울,,paid internship will run... fixed term of 6 months... designed to provide... Translation Job Type Fixed Term Contract
https://kr.indeed.com/viewjob?jk=34102a9d119e5fc4,Electronic Security System Technician / PSEP - TS/SCI3.8,대한민국,,Required to Start: TS/SCI Employee Type: Regular-Long Term Assignment Percentage of Travel Required: Up to 10% Type...
https://kr.indeed.com/viewjob?jk=300ef0ddd95e395a,[촉탁직] 기업 사회공헌 수행 인력4.0,성남 분당구,,1.채용기간 2022-04-11 - 충원 완료시 2.고용형태 Contractor (Fixed Term) 3.채용직무소개 사회공헌 프로그램 기획 및 실행 경영·인사·총무·사무>경영·기획·전략>전략기획|경영·인사...
https://kr.indeed.com/viewjob?jk=d3e66df50b449c8c,Power & Propulsion Systems Engineer – Merchant Systems,부산,,Willing to travel within base country and overseas for long term working. Willing to work extended hours during the week...
https://kr.indeed.com/viewjob?jk=19abb50b9c0c917a,Career Opportunities - South Korea,대한민국,,19018 Job Title Career Opportunities - South Korea Type Fixed Term Contract Salary Competitve Division Business Services Sub...
https://kr.indeed.com/viewjob?jk=0b5515d093822435,P&C Reinsurance Treaty Underwriter,대한민국,,"products and services and making long- term commitments... clients, namely... setting up of long- term plan and annual..."
https://kr.indeed.com/viewjob?jk=2cca6279831511d9,[Medical Devices] Kit Operation Specialist4.2,경기도,,드존슨 메디칼 (Medical Devices) 3. 근무지: 김포시 4. 근무 형태: Fixed Term (1년) [Summary] - Conduct loan kit operation... outbound...
https://kr.indeed.com/viewjob?jk=d140b31d218e9f44,Livestream Operations Manager - South Korea,서울 강남구,,"Talents for live-streaming section. 2. Build and maintain long- term relationship with MCN, agencies and influencers (KOLs). 3..."
https://kr.indeed.com/viewjob?jk=9d40916e3c1b0883,"Online Manager, EL & TF",대한민국,,- Develop and execute long & short- term online marketing strategies... brands in charge. - Take full ownership for P&L...
https://kr.indeed.com/viewjob?jk=0dad6607d24eb84a,KR_HP_ISEE Specialist4.1,대한민국,,"family-owned ever since, Boehringer Ingelheim takes a long- term perspective. Now, we are powered by 52,000 employees..."
https://kr.indeed.com/viewjob?jk=d4df33c28b90efac,[Lionbridge] Korean Content Editor 경력,서울 마포구,,need... living within commuting distance from Seoul. Long- term and regular commitment to our localization projects...
https://kr.indeed.com/viewjob?jk=b45c3a8f71782353,Software Engineer 2,대한민국,,Interface to meet regional customer requirements. Short term (1 or 2 weeks) Asia region (Korea/Taiwan/China/Japan/Singapore...
https://kr.indeed.com/viewjob?jk=daf92cb2e994b63f,Store Operation Assistant (롯데 부산 여성),부산 해운대구,,mindset is core to our business and key to our long- term success. JOB PURPOSE 개인 및 매장 판매 목표를 초과 달성하기 위해 노력하고 소매점 주도 성장의 주요...
https://kr.indeed.com/viewjob?jk=943631c0dede196d,Korean Language Specialist/Translator - Video Games,서울,,"Language Services *Location: * Dublin, Ireland *Contract Term: *Permanent *Your Platform* Ask anyone who works..."
https://kr.indeed.com/viewjob?jk=e72d9f072706ef1d,South Korea Key Account Manager,대한민국,,"maintaining long term executive... Create, develop, and maintain long term executive relationships across a portfolio..."
